Bread,Honey,Bacon,Toothpaste,Banana,Apple,Hazelnut,Cheese,Meat,Carrot,Cucumber,onion,milk,butter,shavingfoam,salt,flour,heavycream,egg,olive,shampoo,Sugar
Bread,,Bacon,,Banana,Apple,Hazelnut,,,Carrot,,,,,,,,heavycream,egg,,,Sugar
Bread,Honey,Bacon,,Banana,Apple,Hazelnut,,,,Cucumber,,milk,butter,,,flour,,,olive,shampoo,
,Honey,Bacon,Toothpaste,Banana,Apple,Hazelnut,Cheese,Meat,,Cucumber,onion,milk,,shavingfoam,salt,flour,heavycream,egg,,,Sugar
Bread,Honey,,Toothpaste,,Apple,,,,,Cucumber,onion,milk,,,,flour,,egg,olive,shampoo,
,Honey,,,,,,,,,,,,,,,,,,,,
,Honey,,Toothpaste,,,Hazelnut,,,,,onion,,,shavingfoam,,,,,,,Sugar
,,Bacon,,Banana,Apple,,,,Carrot,,,,,,salt,,heavycream,,,,
,,Bacon,Toothpaste,Banana,,Hazelnut,,,,Cucumber,onion,,,,salt,,,egg,,,
,Honey,Bacon,,Banana,Apple,Hazelnut,Cheese,Meat,Carrot,,onion,,butter,shavingfoam,,,heavycream,egg,olive,,
